Date,MKT,SMB,HML FF,HML devil,RMW,CMA,RF,MOM,STR
196307,-0.39,-0.41,-0.97,-0.0059,0.68,-1.18,0.27,0.9,-0.08
196308,5.07,-0.8,1.8,0.0028,0.36,-0.35,0.25,1.01,1.3
196309,-1.57,-0.52,0.13,0.0027,-0.71,0.29,0.27,0.19,1.19
196310,2.53,-1.39,-0.1,-0.0211,2.8,-2.01,0.29,3.12,-0.66
196311,-0.85,-0.88,1.75,0.0091,-0.51,2.24,0.27,-0.74,1.12
196312,1.83,-2.1,-0.02,-0.0081,0.03,-0.07,0.29,1.75,0.27
196401,2.24,0.13,1.48,0.0092,0.17,1.47,0.3,0.86,-0.16
196402,1.54,0.28,2.81,0.0127,-0.05,0.91,0.26,0.26,0.19
196403,1.41,1.23,3.4,0.0391,-2.21,3.22,0.31,0.75,0.23
196404,0.1,-1.52,-0.67,0.0143,-1.27,-1.08,0.29,-0.58,3.45
196405,1.42,-0.63,1.86,-0.0057,-0.16,0.17,0.26,2.57,-1.22
196406,1.27,0.29,0.62,0.0116,-0.28,-0.17,0.3,0.46,0.48
196407,1.74,0.5,0.75,-0.0027,0.08,1.91,0.3,-0.35,1.82
196408,-1.44,0.41,0.08,0.0027,0.12,0.35,0.28,-0.22,-1.11
196409,2.69,-0.34,1.7,0.0086,-0.56,0.62,0.28,-0.41,1.25
196410,0.59,0.87,1.17,0.0048,-0.43,0.47,0.29,0.08,1.11
196411,0,-0.15,-1.96,-0.018,0.63,-0.26,0.29,1.03,-0.68
196412,0.03,-0.69,-2.48,-0.0134,1.07,-1.5,0.31,-0.74,0.85
196501,3.54,2.44,0.12,0.013,0.91,0.1,0.28,-1.44,2.95
196502,0.44,3.31,0.11,0.0029,0.23,-0.68,0.3,0.32,-0.51
196503,-1.34,2.12,1.03,0.0034,-0.32,0.69,0.36,0.15,1.39
196504,3.11,1.05,0.66,-0.0027,0.3,-2.2,0.31,2.63,0.4
196505,-0.77,0.1,-1.61,0.0023,-0.45,0.53,0.31,0.6,0.21
196506,-5.51,-4.28,0.59,0.0086,0.22,0.37,0.35,-3.13,0.39
196507,1.43,1.08,2.2,0.0045,-1.37,0.03,0.31,4.1,2.58
196508,2.73,2.71,-1,-0.0125,1.9,-0.74,0.33,2.58,-1.4
196509,2.86,0.62,-0.13,-0.0044,-0.89,0.8,0.31,3.3,-1.37
196510,2.6,3.47,1.56,-0.0019,1.17,-0.65,0.31,3.46,-1.27
196511,-0.03,5.19,0.15,-0.0136,-1.01,-0.94,0.35,4.45,-2.42
196512,1.01,2.66,2.03,0.017,-1.14,-0.53,0.33,0.12,2.82
196601,0.72,4.68,3.56,0.0125,-2.82,-0.11,0.38,5.39,0.51
196602,-1.21,4.71,0.33,-0.0099,-0.17,-1.49,0.35,4.57,-2.73
196603,-2.51,0.32,-1.98,-0.0181,1.3,0.06,0.38,1.42,-0.32
196604,2.14,3.35,-0.46,-0.0239,0.39,-0.95,0.34,6.28,-0.87
196605,-5.66,-5.1,-1.63,0.0183,1.64,-1.52,0.41,-4.7,3.48
196606,-1.44,1.37,0.5,0.0004,0.15,0.78,0.38,3.25,2.56
196607,-1.63,-0.41,0.95,0.0096,-0.36,1.79,0.35,-1.34,1.25
196608,-7.91,-3.12,0.43,0.0169,-0.09,0.8,0.41,-2.14,0.3
196609,-1.06,-1.14,0.56,0.0129,-1.68,2.37,0.4,-1.84,1.04
196610,3.86,-6.45,2.69,0.0432,-3.48,4.25,0.45,-5.26,-1.53
196611,1.4,3.34,-4.69,-0.0591,4.13,-6.62,0.4,5.72,9.04
196612,0.13,2.02,-1.19,-0.0034,0.7,-0.34,0.4,1.06,0.28
196701,8.15,9.1,2.27,0.0185,0.96,-3.16,0.43,-6.93,3.53
196702,0.78,3.06,-2.22,-0.0267,1.99,-0.99,0.36,3.52,1.3
196703,3.99,1.87,0.37,-0.0168,0.86,-1.6,0.39,1.53,1.83
196704,3.89,0.43,-2.48,-0.0291,2.33,-3.67,0.32,0.59,0.56
196705,-4.33,2.29,1.09,-0.0001,-1.73,1.73,0.33,0.72,1.81
196706,2.41,6.43,0.85,-0.0293,-0.62,-2.42,0.27,6,-1.09
196707,4.58,3.54,2.73,0.0116,0.48,2.7,0.31,-1.07,0.21
196708,-0.89,0.72,1.44,0.0127,0.3,1.45,0.31,-1.38,0.67
196709,3.11,2.44,-2.5,-0.0233,0.2,-0.95,0.32,2.52,-0.64
196710,-3.09,0.53,-3.3,-0.0332,1.01,-2.62,0.39,3.67,-2.38
196711,0.37,-0.04,-1.7,-0.0209,1.34,-2.34,0.36,1.26,0.2
196712,3.05,5.75,-0.53,-0.011,-0.81,0.13,0.33,3.25,-0.04
196801,-4.06,4.51,4.8,0.072,-4.62,6.46,0.4,-4.7,3.96
196802,-3.75,-2.91,1.28,0.032,-0.16,2.45,0.39,-3.43,-0.87
196803,0.2,-1.59,-0.59,-0.0216,1.05,-1.1,0.38,3.23,1.54
196804,9.05,6.18,-1.13,-0.0644,2.69,-3.65,0.43,5.09,-0.74
196805,2.28,7,0.85,-0.0379,0.43,-1.92,0.45,3.8,-1.96
196806,0.69,-0.28,0.73,0.0415,-1.41,2.76,0.43,-1.9,3.74
196807,-2.72,-1.41,5.39,0.0614,-3.13,3.72,0.48,-0.88,-1.33
196808,1.34,2.27,1.01,0.0081,-0.7,0.48,0.42,1.89,0.71
196809,4.03,2.81,0.3,0.0093,-1.99,0.87,0.43,-0.65,-0.15
196810,0.42,-0.42,2.86,0.0366,-1.32,2.7,0.44,-1.46,1.34
196811,5.43,2.39,-0.92,-0.0067,0.43,-2.43,0.42,1.75,3.29
196812,-3.94,3.52,-0.01,0.0116,-1.86,1.76,0.43,-0.01,2.39
196901,-1.25,-0.44,1.67,0.0236,-1.55,1.38,0.53,-0.17,2.52
196902,-5.84,-4.16,0.91,0.0169,2.07,0.83,0.46,-2.36,2.39
196903,2.64,-0.45,-0.51,-0.0147,-1.43,-0.35,0.46,3.97,0.29
196904,1.46,-0.8,-0.03,-0.0155,0.41,0.06,0.53,1.13,-0.96
196905,-0.1,-0.11,0.7,0.0058,-0.95,1.39,0.48,1.7,1.44
196906,-7.18,-5.45,-1.08,-0.0069,4.32,-1.6,0.51,-2.3,-0.11
196907,-7,-3.41,1.2,0.0092,1.48,1.91,0.53,1.71,-1.61
196908,4.68,0.7,-3.79,-0.0369,1.13,-4.02,0.5,2.17,3.28
196909,-2.98,1.29,-3.27,-0.0322,3.39,-0.82,0.62,2.52,0.63
196910,5.06,3.96,-3.16,-0.0241,0.05,-2.15,0.6,-4.31,-0.48
196911,-3.79,-2.45,-1.19,-0.0138,1.46,0.3,0.52,3.66,1.04
196912,-2.63,-3.76,-2.86,-0.0343,2.54,-1.81,0.64,4.96,-2.86
197001,-8.1,3.12,3.13,0.0333,-1.72,3.84,0.6,0.6,-0.26
197002,5.13,-2.76,3.93,0.0338,-2.29,2.76,0.62,0.23,2.82
197003,-1.06,-2.41,3.99,0.0499,-1,4.29,0.57,-0.36,0.63
197004,-11,-6.4,6.18,0.0579,-0.64,6.21,0.5,-0.77,-4.54
197005,-6.92,-4.48,3.33,0.0438,-1.21,3.9,0.53,-2.78,-3.16
197006,-5.79,-2.2,0.6,-0.0108,0.13,2.96,0.58,5.7,-0.1
197007,6.93,-0.62,0.9,0.0246,-0.26,1.84,0.52,-3.14,3.97
197008,4.49,1.52,1.15,0.0256,0.56,-0.21,0.53,-6.55,1.52
197009,4.18,8.51,-5.47,-0.0245,0.3,-5.83,0.54,-8.8,0.57
197010,-2.28,-4.43,0.22,-0.0156,1.71,2.34,0.46,9.42,6.79
197011,4.6,-3.86,1.69,0.0076,1.57,1.47,0.46,2.73,-0.52
197012,5.72,2.94,1,0.0329,0.27,0.3,0.42,-2.23,2.37
197101,4.84,7.54,1.33,0.0382,-1.99,0.07,0.38,-6.51,1.88
197102,1.41,2.04,-1.23,-0.0131,0.62,-0.7,0.33,0.79,1.76
197103,4.13,2.26,-3.95,-0.0325,1.82,-2.71,0.3,-1.41,0.1
197104,3.15,-0.36,0.69,0.006,-1.47,0.87,0.28,1.41,0.92
197105,-3.98,-1.11,-1.44,-0.0173,1.4,0.25,0.29,0.86,0.53
197106,-0.1,-1.48,-1.87,-0.014,1.53,-1.64,0.37,2.73,-0.99
197107,-4.5,-1.39,0.02,0.0064,0.64,1.46,0.4,-2.35,1.37
197108,3.79,-0.16,2.63,0.0003,-0.43,2.64,0.47,3.61,5.57
197109,-0.85,0.28,-2.91,-0.0293,2.56,-1.58,0.37,2.12,0.29
197110,-4.42,-1.6,-0.48,-0.0043,1.62,-1.35,0.37,0.47,-1.25
197111,-0.46,-2.86,-1.68,-0.0177,2.44,-0.34,0.37,1.51,-0.82
197112,8.71,3.27,-0.4,0.0033,-0.4,-1.75,0.37,-0.58,3.65
197201,2.49,6.1,2.24,0.0119,-1.69,0.55,0.29,0.17,-0.58
197202,2.87,0.87,-2.79,-0.0334,1.61,-0.52,0.25,2.54,-0.1
197203,0.63,-0.43,-1.61,-0.0276,1.63,-0.18,0.27,2.94,1.46
197204,0.29,0.23,0.12,-0.0081,-0.42,-1.03,0.29,2.81,0.13
197205,1.25,-3.1,-2.7,-0.0235,2.34,-1.95,0.3,3.29,-0.93
197206,-2.43,-0.43,-2.48,-0.0084,1.88,-0.36,0.29,1.9,-1.74
197207,-0.8,-2.77,0.66,-0.0008,1.14,-0.66,0.31,2.75,-2.32
197208,3.26,-3.48,4.54,0.0532,-1.96,2.85,0.29,-5.4,0.7
197209,-1.14,-2.23,0.46,-0.0042,1.68,-1.97,0.34,1.82,1.48
197210,0.52,-2.54,1.34,0.0119,-0.15,0.02,0.4,0.71,-0.93
197211,4.6,-0.62,4.85,0.0593,-1.95,3.37,0.37,-5.09,3.28
197212,0.62,-1.89,-2.19,-0.0347,2.6,-2.16,0.37,4.92,3.89
197301,-3.29,-2.81,2.68,0.0141,0.42,0.9,0.44,3.73,-1.37
197302,-4.85,-3.91,1.6,0.0135,-0.26,0.02,0.41,2.16,-2.2
197303,-1.3,-2.33,2.62,0.0228,-1.07,0.62,0.46,3.59,0.43
197304,-5.68,-2.9,5.41,0.0429,-1.58,2.6,0.52,6.36,-0.68
197305,-2.94,-6.17,0.41,-0.0187,1.95,-1.57,0.51,7.14,-1.11
197306,-1.57,-2.48,1.2,0.0055,-0.21,0.11,0.51,4.3,0.11
197307,5.05,7.26,-5.31,-0.0063,-0.05,-3.28,0.64,-11.57,9.47
197308,-3.82,-1.84,1.24,0.0051,-1.31,1.3,0.7,3.46,1.71
197309,4.75,3.6,2.01,0.0452,-2.33,1.77,0.68,-7,1.65
197310,-0.83,-0.38,1.94,-0.0128,-1.9,2.71,0.65,6.87,1.82
197311,-12.75,-7.28,3.87,0.0169,-2.63,1.73,0.56,8.66,-4.67
197312,0.61,-4.69,3.85,0.0086,-2.78,2.48,0.64,10.38,0.39
197401,-0.17,10.41,6.02,0.1224,-3.07,4.42,0.63,-8.85,9.23
197402,-0.47,0.06,2.81,0.0287,-1.87,2.63,0.58,0.32,0.73
197403,-2.81,2.65,-0.32,0.012,2.8,0.44,0.56,-1.05,4.12
197404,-5.29,-0.7,0.85,-0.0069,2.87,2.09,0.75,2.11,-1.39
197405,-4.68,-3.07,-2.02,-0.0174,4.95,-0.42,0.75,-0.39,-2.72
197406,-2.83,0,0.77,-0.0064,0.57,2.94,0.6,2.31,-0.95
197407,-8.05,1.92,5.16,0.0578,-3.25,4.6,0.7,3.11,0.85
197408,-9.35,0.26,2.64,0.0189,-0.28,2.59,0.6,3,2.04
197409,-11.77,1.48,5.58,0.0661,-4.44,5.91,0.81,4.24,3.26
197410,16.1,-6.82,-9.87,-0.0744,-0.21,-2.86,0.51,-0.54,8.72
197411,-4.51,-1.48,-0.2,-0.0035,-3.37,2.92,0.54,2.13,-0.3
197412,-3.45,-4.35,0.11,-0.0034,-0.68,3.25,0.7,2.92,-0.38
197501,13.66,12.91,8.28,0.1845,-0.78,-0.9,0.58,-13.82,14.57
197502,5.56,-0.65,-4.44,-0.0556,1.16,-2.1,0.43,-0.61,4.55
197503,2.66,4,2.38,0.0356,1.26,-1.33,0.41,-2.04,3.5
197504,4.23,-0.71,-1.14,-0.0366,1.41,-1.34,0.44,1.38,-0.46
197505,5.19,2.89,-4.1,0.0061,-0.98,-0.6,0.44,-0.58,3.76
197506,4.83,1.43,1.38,0.0404,-2.66,1.06,0.41,0.04,3.29
197507,-6.59,3.44,1.69,0.0358,0.46,1.22,0.48,0.42,1.21
197508,-2.85,-2.84,-0.95,-0.0011,1.11,-0.93,0.48,-0.1,0.64
197509,-4.26,0.05,0.39,0.0064,0.53,0.55,0.53,0.41,-0.31
197510,5.31,-4.23,0.28,-0.0134,-0.49,2.26,0.56,-0.16,1.56
197511,2.64,-1.09,2.03,0.0083,-0.68,1.75,0.41,-0.45,-2.52
197512,-1.6,-0.05,1.69,0.0341,-0.09,0.57,0.48,-0.11,3.26
197601,12.16,6.34,8.63,0.0664,-1.79,2.28,0.47,4.45,2.84
197602,0.32,7.99,5.87,0.0507,-2.64,3.87,0.34,0.38,-2.48
197603,2.32,-1.38,-0.12,0.0066,-0.33,0.96,0.4,0.15,4.43
197604,-1.49,0.08,-0.16,0.024,0.4,-1.1,0.42,0.59,2.13
197605,-1.34,-1.1,-1.36,-0.0001,2.46,-1.41,0.37,-1.12,-0.77
197606,4.05,-1.07,0.71,0.0037,-0.68,1.02,0.43,-0.42,0.63
197607,-1.07,0.63,1.73,0.023,-1.05,0.28,0.47,-0.13,1.68
197608,-0.56,-1.98,0.81,0.0138,-0.42,-0.55,0.42,-0.85,-2.04
197609,2.07,0.1,-0.29,0.0009,0.98,-1.15,0.44,0.22,-0.32
197610,-2.42,0.13,-0.18,0.0029,-0.19,-0.37,0.41,-0.44,1.14
197611,0.36,2.66,1.51,0.0136,-1.41,0.09,0.4,2.91,0.54
197612,5.65,3.64,2.27,0.0355,-0.61,2.28,0.4,0.73,3.64
197701,-4.05,5.9,4.27,0.0514,-0.51,1.97,0.36,4,0.54
197702,-1.94,1.07,0.47,0.0033,-0.16,-0.22,0.35,0.36,1.38
197703,-1.37,1.31,1.09,0.0079,-0.3,-0.06,0.38,0.55,1.03
197704,0.15,0.61,3.38,0.0256,-2.01,1.14,0.38,4.21,-1.22
197705,-1.45,1.31,0.85,0.0085,0.33,0.19,0.37,2.03,-0.32
197706,4.71,2.08,-0.74,-0.0182,0.91,-1.2,0.4,1.66,0.09
197707,-1.69,1.88,-0.56,0.0125,0.73,0.09,0.42,0.32,1.03
197708,-1.75,0.86,-2.7,-0.0315,0.98,-0.66,0.44,-1.7,-0.71
197709,-0.27,1.43,-0.52,-0.0024,1.43,-0.84,0.43,2,0.83
197710,-4.38,1.48,1.75,0.0137,-0.2,-0.3,0.49,-0.08,1.76
197711,4,3.64,0.26,0.0018,-0.13,0.73,0.5,2.01,2.22
197712,0.27,1.59,-0.29,-0.0024,0.92,-0.69,0.49,1.58,-0.13
197801,-6.01,2.72,3.36,0.0293,-1.72,1.52,0.49,-0.66,1.07
197802,-1.38,3.7,0.83,0.0049,0.3,1.01,0.46,1.97,1.17
197803,2.85,3.71,1.18,0.0235,-0.59,1.89,0.53,1.37,-0.27
197804,7.88,-0.26,-3.54,-0.0398,2.81,-1.26,0.54,0.86,0.22
197805,1.76,4.58,-0.52,-0.0151,0.22,0.41,0.51,2.83,0.08
197806,-1.69,1.56,0.57,-0.0051,-1.4,-0.07,0.54,2.74,1.35
197807,5.11,0.12,-1.15,-0.03,1.55,-0.78,0.56,4.17,0.91
197808,3.75,4.95,-0.51,-0.0043,1.43,0.46,0.56,2.83,0.87
197809,-1.43,-0.32,1.89,0.0403,-0.67,1.78,0.62,-3.14,3.65
197810,-11.91,-10.02,1.38,0.0436,0.12,0.94,0.68,-8.46,-1.84
197811,2.71,2.81,-2.15,-0.018,1.13,-1.17,0.7,5.45,9.15
197812,0.88,1.13,-2.13,-0.0301,2.01,-1.32,0.78,3.03,-0.39
197901,4.23,3.78,2.19,0.0419,-2.47,1.52,0.77,-1.36,5.62
197902,-3.56,0.54,1.17,0.0211,-1.12,0.94,0.73,-1.06,1.31
197903,5.68,3.24,-0.71,-0.0158,0.53,0.32,0.81,2.93,1.47
197904,-0.06,2.37,1.12,-0.0024,1.08,0.17,0.8,0.81,-0.4
197905,-2.21,0.18,1.31,0.0154,-1.54,-0.27,0.82,-0.54,1.17
197906,3.85,1,1.44,0.0048,-1.66,-0.52,0.81,0.84,1.19
197907,0.82,1.27,1.86,0.0139,-0.29,0.71,0.77,-1.07,0.6
197908,5.53,1.92,-1.58,-0.0197,1.62,-1.48,0.77,-0.2,0.79
197909,-0.82,-0.32,-0.9,-0.0115,1.01,0.32,0.83,5.28,-1.63
197910,-8.1,-3.5,-1.84,-0.0106,1.01,0.07,0.87,2.01,-1.94
197911,5.21,2.53,-3.29,-0.0372,0.06,-2.12,0.99,8.14,1.31
197912,1.79,4.32,-2.1,-0.0375,-0.7,-0.92,0.95,4.78,-1.89
198001,5.51,1.83,1.75,-0.0271,-1.7,1.64,0.8,7.55,-3.41
198002,-1.22,-1.57,0.61,-0.0314,0.04,2.68,0.89,7.88,-4.91
198003,-12.9,-6.93,-1.01,0.07,1.46,-1.19,1.21,-9.55,8.46
198004,3.97,1.05,1.06,0.0186,-2.1,0.29,1.26,-0.43,1.4
198005,5.26,2.11,0.38,0.0098,0.34,-0.31,0.81,-1.12,2.84
198006,3.06,1.41,-0.76,-0.0165,-0.15,-1.26,0.61,1.62,2.24
198007,6.49,3.82,-6.41,-0.0534,4.06,-2.43,0.53,0.39,2.95
198008,1.8,4.25,-2.6,-0.0321,2.06,-0.86,0.64,3.21,-0.84
198009,2.19,0.67,-4.59,-0.0428,1.91,-2.76,0.75,5.39,-1.52
198010,1.06,2.33,-2.76,-0.0507,1.65,-1.15,0.95,7.3,-1.96
198011,9.59,-3.31,-8.33,-0.1071,4.5,-5.66,0.96,15.22,-9.71
198012,-4.52,-0.29,2.79,0.0565,-1.29,1.24,1.31,-6.68,6.38
198101,-5.04,3.29,6.72,0.0889,-3.51,4.33,1.04,-7.95,-2.29
198102,0.57,-0.5,1.02,0.0105,0.21,2.22,1.07,-1.35,-2.33
198103,3.56,3.02,0.64,0.0126,-2.24,-0.54,1.21,0.74,1.59
198104,-2.11,4.59,2.28,0.023,0.83,1.24,1.08,-0.91,-1.5
198105,0.11,2.45,-0.42,-0.0121,0.3,-1.53,1.15,3.7,-3.78
198106,-2.36,-0.96,5.13,0.0686,-1.37,2.66,1.35,-5.81,4.78
198107,-1.54,-2.05,-0.5,0.0016,1.26,-2.54,1.24,-2.45,-0.56
198108,-7.04,-1.81,4.76,0.0366,-0.32,1.41,1.28,-1.15,-0.65
198109,-7.17,-2.45,5.17,0.0375,0.08,2.63,1.24,1.95,-1.11
198110,4.92,2.37,-4.21,-0.0483,3.15,-3.01,1.21,4.01,4.55
198111,3.36,-1.51,1.83,0.0305,0.08,0.95,1.07,-0.27,2.67
198112,-3.65,1.2,0.81,0.0054,0.22,2.5,0.87,1.3,1.66
198201,-3.24,-1.14,3.19,0.0241,-1.49,1.92,0.8,1.72,-1.37
198202,-5.86,0.35,6.05,0.0405,-3.48,4.56,0.92,4.88,-4.31
198203,-1.87,-0.05,3.81,0.0271,-1.38,2.49,0.98,2.96,-1.89
198204,3.27,1.09,-2.7,-0.0199,1.57,-0.01,1.13,-0.4,1.65
198205,-3.99,0.64,1.75,0.0203,0.87,-0.3,1.06,2.5,1.99
198206,-3.09,-0.52,1.53,0.0008,0.01,2.72,0.96,4.96,0.15
198207,-3.19,0.95,0.09,-0.0107,1.04,1.55,1.05,4.45,-2.88
198208,11.14,-4.35,0.95,0.0229,-1.89,0.09,0.76,-3.52,1.14
198209,1.29,2.61,0.28,-0.0018,2.14,-0.04,0.51,4.19,4.52
198210,11.3,1.92,-3.66,-0.0268,0.29,-0.34,0.59,0.18,2.97
198211,4.67,4.43,-1.87,-0.0435,-0.97,0.27,0.63,5.95,-4.48
198212,0.55,-0.04,-0.02,0.0098,-0.01,1.02,0.67,0.04,3.8
198301,3.6,3.35,-0.75,0.0131,-1.55,-0.58,0.69,-1.73,3.18
198302,2.59,2.92,0.7,-0.0087,-0.52,1.05,0.62,3.77,2.63
198303,2.82,1.37,2.02,0.0152,-0.17,2.74,0.63,0.92,0.34
198304,6.67,0.48,0.49,0.0036,-0.11,1.42,0.71,1.72,-0.55
198305,0.52,6.3,-1.4,0.0031,-1.84,-1.51,0.69,-1.56,2.73
198306,3.07,1.18,-3.9,-0.0394,2.6,-0.87,0.67,1.8,0.18
198307,-4.07,1.01,5.62,0.0588,-0.14,2.81,0.74,-3.13,2.04
198308,-0.5,-4.32,5.54,0.0527,0.51,1.9,0.76,-5.43,-0.65
198309,0.91,0.3,1.01,0.0141,1.24,0.5,0.76,-0.03,2.36
198310,-3.44,-3.77,4.97,0.0505,-0.77,2.96,0.76,-4.52,-1.63
198311,2.16,1.87,-0.72,-0.0016,-0.67,0.66,0.7,-0.13,4.94
198312,-1.78,-0.45,1.73,0.0197,1.64,1.27,0.73,0.84,1.97
198401,-1.92,-0.04,7.58,0.0927,-0.89,2.92,0.76,-2.56,0.64
198402,-4.82,-1.59,3.33,0.0315,0.9,1.58,0.71,0.22,-2.06
198403,0.63,-0.29,0.46,0.005,-0.96,1.17,0.73,1.07,2.51
198404,-0.51,-0.95,1.2,-0.0019,3.34,0.76,0.81,2.07,1.61
198405,-5.97,0.13,0.31,0.0042,2.36,-0.46,0.78,1.51,0.81
198406,1.82,0.11,-2.66,-0.0284,3.17,-1.56,0.75,-0.7,0.96
198407,-2.74,-2.22,0.36,0.0066,3.55,-2.15,0.82,2.85,-1.45
198408,10.28,-0.26,-1.82,-0.0003,-0.68,-0.92,0.83,-5.59,7.29
198409,-0.8,-0.03,5.28,0.0472,1.37,2.41,0.86,3.62,4.28
198410,-0.84,-1.44,0.45,0.0042,1.18,-1.09,1,3.16,-1.21
198411,-1.76,-1.02,4.06,0.0365,0.72,2.06,0.73,1.64,-0.67
198412,1.84,-0.65,-0.26,-0.0054,1.31,-1.36,0.64,1.49,0.8
198501,7.99,3.51,-5.35,-0.0257,-0.89,-3.41,0.65,-6.82,2.32
198502,1.22,1.04,-0.1,-0.0058,1.29,1.06,0.58,1.88,2.5
198503,-0.84,-1.39,4.07,0.0316,1.23,2.88,0.62,1.58,-1.37
198504,-0.96,-0.1,3.72,0.0223,1.55,0.71,0.72,3.04,-2.46
198505,5.09,-2.31,-0.96,-0.0137,1.33,-1.49,0.66,3.99,-0.54
198506,1.27,0.35,0.38,-0.0099,1.76,-0.77,0.55,3.57,-0.67
198507,-0.74,2.87,-1.62,-0.0059,-0.42,-0.38,0.62,-3.91,3.62
198508,-1.02,-0.29,2.32,0.0177,-0.1,1.83,0.55,1.85,1.77
198509,-4.54,-1.8,1.29,0.0074,1.14,1.64,0.6,1.51,-1.85
198510,4.02,-1.5,0.75,-0.0039,0.89,-1.06,0.65,4.88,0.66
198511,6.48,0.02,-2.85,-0.0234,0.33,-2.32,0.61,-0.47,2.41
198512,3.88,-0.41,-1.54,-0.0113,0.99,-1.8,0.65,-0.23,-0.34
198601,0.65,1.01,0.44,-0.0064,-2,-2.03,0.56,3,0.84
198602,7.13,-0.71,-0.72,-0.0222,1.06,-1.2,0.53,2.76,-1.69
198603,4.88,-0.66,-0.39,-0.0065,1.21,0.92,0.6,2.41,-0.07
198604,-1.31,2.84,-2.87,-0.0297,2.91,0.03,0.52,-0.37,2.82
198605,4.62,-1.29,-0.21,-0.0032,2.13,1.08,0.49,2.05,1.05
198606,1.03,-0.89,1.28,-0.0118,1.8,0.87,0.52,5.07,-2.48
198607,-6.45,-3.46,4.7,0.0336,-0.54,0.84,0.52,1.83,-2.86
198608,6.07,-4.35,3.51,0.0584,-1.66,3.21,0.46,-5.28,1.14
198609,-8.6,2.05,3.22,0.0516,-0.08,3.71,0.45,-5.79,-0.31
198610,4.66,-2.33,-1.42,-0.0144,-0.05,1,0.46,4.46,3.58
198611,1.17,-1.88,-0.07,0.0033,1.09,0.67,0.39,-0.26,0.71
198612,-3.27,0.12,0.36,-0.0003,0.79,0.09,0.49,0.35,0.61
198701,12.47,-1.54,-3.16,-0.0223,0.17,-1,0.42,2.2,0.31
198702,4.39,3.4,-5.91,-0.0507,-0.76,-2.66,0.43,-2.07,-1.11
198703,1.64,0.28,1.61,0.0178,1.36,4.14,0.47,1.68,1.81
198704,-2.11,-1.54,-0.39,0.0057,-0.49,1.05,0.44,0.22,-1.9
198705,0.11,-0.56,0.23,0.0148,0.51,1.14,0.38,-0.74,-0.3
198706,3.94,-2.21,1.04,0.0113,1.7,0.84,0.48,-0.25,0.01
198707,3.85,-1.14,0.68,-0.0056,-0.61,1.61,0.46,2.72,-0.22
198708,3.52,-0.94,-0.93,-0.0055,2.04,-1.61,0.47,-0.86,2.45
198709,-2.59,0.38,0.27,-0.0014,-0.97,1.87,0.45,0.77,-0.4
198710,-23.24,-8.07,4.24,0.0848,2.04,2.34,0.6,-7.86,-0.13
198711,-7.77,2.85,2.95,0.0207,-1.88,0.68,0.35,-1.17,-0.87
198712,6.81,0.06,-4.43,-0.0428,2.96,-2.42,0.39,5.87,5.8
198801,4.21,-0.51,5.01,0.0842,-1.14,2.13,0.29,-7.24,7.91
198802,4.75,3.32,-1.71,-0.0109,1.56,-0.01,0.46,-1.47,4.36
198803,-2.27,6.25,0.73,-0.0003,-0.25,1.8,0.44,0.58,-0.84
198804,0.56,1.16,1.67,0.005,-0.2,1.92,0.46,2.24,0.23
198805,-0.29,-2.56,2.42,0.0226,-0.74,0.33,0.51,0.63,0.65
198806,4.79,2.16,-1.24,-0.0032,1.47,-3.37,0.49,-2.93,1.87
198807,-1.25,-0.21,2.22,0.0208,-0.58,1.52,0.51,0.66,3.36
198808,-3.31,-0.03,2.15,0.0163,-0.82,1.76,0.59,0.35,-1.93
198809,3.3,-1.36,-0.75,-0.0081,1.76,-0.61,0.62,0.27,-0.12
198810,1.15,-2.95,2.05,0.0157,1.3,1.03,0.61,1.33,-1
198811,-2.29,-1.65,1.41,0.0094,-0.28,1.62,0.57,0.33,-0.67
198812,1.49,2.01,-1.69,-0.0131,0.69,-0.38,0.63,0.49,2.29
198901,6.1,-2.31,0.6,0.0074,-0.95,0.14,0.55,-0.16,0.97
198902,-2.25,2.71,1.01,0.0077,-0.87,1.81,0.61,0.99,1.07
198903,1.57,0.68,0.58,-0.0067,0.05,0.72,0.67,3.51,-0.89
198904,4.33,-0.78,-1.42,-0.0218,0.71,-0.57,0.67,1.77,-0.65
198905,3.35,-0.01,-0.88,-0.0182,0.49,-0.08,0.79,1.52,-2.74
198906,-1.35,-1.09,2.25,0.0314,0.27,1.56,0.71,0.43,2.3
198907,7.2,-4.15,-2.79,-0.0332,1.98,-0.58,0.7,5.41,1.43
198908,1.44,0.48,0.6,0.0051,0.39,-0.58,0.74,-0.12,1.85
198909,-0.76,0.49,-1.27,-0.021,1.4,0.5,0.65,3.4,1.17
198910,-3.67,-3.3,-1.11,-0.0166,0.11,-0.04,0.68,1.32,-4.32
198911,1.03,-1.29,-1.09,-0.0178,-0.86,1.41,0.69,2.6,-1.75
198912,1.16,-2.27,0.16,-0.0048,-0.07,1.42,0.61,2.8,-2.56
199001,-7.85,-1.31,0.85,0.0165,-1.17,1.35,0.57,-3.27,1.02
199002,1.11,1.17,0.64,-0.0089,-0.03,-0.66,0.57,-0.55,0.49
199003,1.83,1.62,-2.92,-0.0324,2.04,-1.02,0.64,1.8,0.17
199004,-3.36,-0.33,-2.59,-0.0359,1.78,-0.98,0.69,2.39,-1.82
199005,8.42,-2.35,-3.83,-0.0435,1.57,-1.68,0.68,3.03,-0.35
199006,-1.09,1.35,-1.93,-0.0194,-1.03,-0.39,0.63,2.4,-0.22
199007,-1.9,-3.16,-0.03,-0.0031,-0.18,3.21,0.68,6.1,-0.68
199008,-10.15,-3.87,1.64,0.0111,-0.35,2.96,0.66,1.88,-3.65
199009,-6.12,-3.74,0.64,-0.0164,0.06,3.67,0.6,5.78,-5.98
199010,-1.92,-5.12,0.1,-0.0341,2.97,-0.3,0.68,6.71,-2.68
199011,6.35,0.07,-3.1,-0.0022,0.65,-4.74,0.57,-5.48,5.85
199012,2.46,0.67,-1.7,-0.0156,2.73,-1.89,0.6,0.29,-3.01
199101,4.69,3.91,-1.6,0.0113,1.28,-3.99,0.52,-6.45,-1.93
199102,7.19,3.94,-0.58,0.0299,-0.2,-0.33,0.48,-4.61,1.93
199103,2.65,3.83,-1.39,-0.01,-0.53,-1.06,0.44,2.87,0.52
199104,-0.28,0.31,1.5,0.0085,0.62,0.74,0.53,-2.36,1.57
199105,3.65,0.14,-0.52,-0.0064,2,-2.43,0.47,-0.11,0.08
199106,-4.94,0.24,1.15,0.0142,1.79,0.65,0.42,0.47,2.06
199107,4.24,-0.96,-1.32,-0.0236,1.6,-1.36,0.49,4.32,2.13
199108,2.32,1.4,-0.78,-0.0173,0.84,-0.34,0.46,1.57,-2.92
199109,-1.59,1.56,-1.08,-0.0041,-1.82,0.08,0.46,1.79,-0.76
199110,1.29,0.91,-0.47,-0.0067,-1.7,-0.23,0.42,3.06,-1.18
199111,-4.19,-0.83,-1.89,-0.0123,1.11,0.01,0.39,1.14,-0.4
199112,10.84,-2.4,-4.17,-0.0718,3.55,-3.12,0.38,8.19,1.06
199201,-0.59,9.18,4.71,0.0448,-1.32,3.2,0.34,-2.49,5.22
199202,1.09,1.33,6.47,0.0328,0.08,2.19,0.28,-0.53,-2.9
199203,-2.66,-0.93,3.56,0.0298,-0.01,1.95,0.34,-0.29,-1.09
199204,1.07,-5.7,4.34,0.0539,1.69,2.23,0.32,-2.58,-3.38
199205,0.3,0.21,1.19,0.0167,-0.95,0.48,0.28,0.21,-0.16
199206,-2.34,-2.73,3.24,0.0301,-0.05,1.01,0.32,-0.58,0.91
199207,3.77,-0.62,-0.56,-0.0066,1.3,-0.91,0.31,1.56,2.12
199208,-2.38,-0.42,-1.1,-0.0091,3.72,-1.65,0.26,-0.51,-1.56
199209,1.19,0.48,-0.26,-0.0121,1.64,-0.59,0.26,1.49,-1.12
199210,1.02,2.07,-1.98,-0.0349,1.24,-0.79,0.23,2.48,-0.2
199211,4.13,3.94,-1.35,-0.0247,-0.68,-1.59,0.23,-0.15,-1.04
199212,1.53,1.68,2.62,0.0073,-0.48,0.84,0.28,4.31,1.23
199301,0.93,1.93,5.94,0.0404,-1.84,2.91,0.23,4.83,-0.45
199302,0.12,-3.45,6.42,0.0729,-0.42,4.13,0.22,3.14,-1.49
199303,2.3,0.09,1.18,0.0038,-0.15,0.9,0.25,3.73,-0.95
199304,-3.05,-0.85,2.49,0.0346,-3.61,1.38,0.24,0.38,-1.71
199305,2.89,1.9,-3.42,-0.0233,-0.12,-1.04,0.22,0.22,1.49
199306,0.31,0.13,2.75,0.0152,-0.92,1.21,0.25,4.55,2.24
199307,-0.34,0.95,2.85,0.0278,-1.87,2.06,0.24,3.16,-2.69
199308,3.71,0.1,0.13,-0.0069,-1.54,-0.04,0.25,2.65,1.28
199309,-0.12,2.98,-0.31,-0.0076,0.24,-0.16,0.26,3.37,0.69
199310,1.41,1.89,-2.76,-0.0002,0.57,0.6,0.22,-2.72,1.9
199311,-1.89,-1.27,-0.74,0.0147,2.23,-0.94,0.25,-4.74,-1.39
199312,1.65,1.4,0.32,0.0049,1.16,-0.34,0.23,2.36,1.07
199401,2.87,-0.06,1.15,0.0224,-1.66,1.43,0.25,0,1.69
199402,-2.55,2.67,-1.54,-0.0139,2.14,-1,0.21,-0.3,0.36
199403,-4.78,-1.04,1.6,0.0188,0.69,1.28,0.27,-1.27,0.09
199404,0.68,-1.01,1.66,0.0162,1.07,1.11,0.27,0.39,-0.38
199405,0.58,-2.56,0.67,0.0092,0.6,0.68,0.31,-2.19,0.06
199406,-3.03,-0.5,1.67,0.0195,1.21,1.47,0.31,-0.87,0.15
199407,2.82,-1.85,0.58,0.0186,-0.65,0.14,0.28,0.18,1.44
199408,4.01,1.37,-2.51,-0.0252,0.95,-1.47,0.37,1.55,1.44
199409,-2.31,2.8,-1.89,-0.0211,0.52,0.93,0.37,1.31,-0.77
199410,1.34,-2.3,-1.62,-0.0214,0.23,-0.68,0.38,1.49,-0.22
199411,-4.04,0.07,-0.7,-0.0003,0.42,-0.5,0.37,-0.18,-2.01
199412,0.86,0,-0.13,0.0018,0.37,0.38,0.44,3.48,0.81
199501,1.8,-3.06,2.57,0.0209,0.17,-0.75,0.42,-1.81,4
199502,3.63,-0.54,1.08,0.0087,0.59,-0.33,0.4,-0.39,2.39
199503,2.19,-0.51,-2.15,-0.0195,-0.17,0.22,0.46,0.43,-0.04
199504,2.11,-0.22,1.71,0.014,0.41,0.9,0.44,1.79,-0.52
199505,2.9,-2.19,2.29,0.013,0.39,0.04,0.54,-0.42,-0.46
199506,2.72,3.06,-2.54,-0.0361,-0.33,-2.44,0.47,2.93,1.23
199507,3.72,2.09,-1.62,-0.0273,0.3,-1.65,0.45,2.56,-2.12
199508,0.55,1.75,2.79,0.0146,-1.24,1.62,0.47,0.16,1.28
199509,3.35,-1.88,-0.04,-0.0112,1.03,0.36,0.43,2.9,-0.89
199510,-1.52,-4.04,-0.5,-0.007,1.91,-0.05,0.47,4.16,-1.02
199511,3.96,-1.07,0.51,-0.0036,-0.62,1.12,0.42,-0.68,0.6
199512,1.03,0.72,0.22,0.0052,-1.37,3.1,0.49,2.52,-0.98
199601,2.26,-2.56,0.38,0.006,0.18,2.31,0.43,0.54,1
199602,1.33,1.77,-1.08,-0.0245,0.24,-1.9,0.39,0.59,2.17
199603,0.73,1.61,0.35,0.0183,1.42,-0.95,0.39,-1.84,-0.11
199604,2.06,4.71,-4.02,-0.0306,-0.14,-2.11,0.46,-0.88,0.69
199605,2.36,3.21,-0.83,-0.024,0.12,-0.3,0.42,1.54,-1.07
199606,-1.14,-3.65,2.35,0.0268,3.51,1.22,0.4,0.98,-0.18
199607,-5.97,-3.81,5.14,0.0404,2.95,2.6,0.45,-0.16,-2.44
199608,2.77,2.57,-0.74,-0.012,-0.37,-2.42,0.41,0.01,2.55
199609,5.01,-1.39,-2.72,-0.0427,1.27,-2.22,0.44,2.7,0.54
199610,0.86,-3.77,4.94,0.0312,1.4,3.25,0.42,3.79,-1.12
199611,6.25,-3.8,1.39,0.0092,2.12,-0.79,0.41,-2.37,0.21
199612,-1.7,3.25,1.31,0.0126,0.37,1.49,0.46,0.63,0.64
199701,4.99,-1.82,-1.42,-0.0254,1.19,-0.02,0.45,1.96,2.62
199702,-0.49,-2.59,5.67,0.0415,0.67,3.47,0.39,-2.13,1.25
199703,-5.03,-0.43,3.39,0.0328,0.5,1.66,0.43,0.9,0.88
199704,4.04,-5.7,0.07,-0.0213,3.26,-0.72,0.43,4.84,2.43
199705,6.74,4.75,-4.13,-0.0273,-1.02,-2.96,0.49,-5.17,2.87
199706,4.1,1.19,1.58,-0.0077,0.56,0.66,0.37,2.6,0.73
199707,7.33,-2.77,0.26,-0.008,0.07,-2.57,0.43,3.77,3.87
199708,-4.15,7.61,1.18,0.0095,-1.11,-0.04,0.41,-2.56,-0.16
199709,5.35,2.49,0.37,-0.0101,-1.63,-0.91,0.44,1.47,1.7
199710,-3.8,-0.52,2.27,0.0171,1,1.94,0.42,-0.57,-0.96
199711,2.98,-5.1,1.19,-0.0015,2.8,1.83,0.39,0.33,-2.01
199712,1.32,-2.04,3.84,0.0188,0.75,1.93,0.48,3.98,-2.91
199801,0.15,-1.36,-1.63,-0.006,0.86,-0.73,0.43,0.14,5.02
199802,7.04,0.2,-0.85,-0.0091,-0.31,-2.54,0.39,-1.12,1.92
199803,4.76,-0.65,1.39,0.0049,-0.26,-0.37,0.39,2.15,1.84
199804,0.73,-0.01,0.94,0.0023,-1.69,-0.36,0.43,0.74,1.7
199805,-3.07,-2.93,3.4,0.0267,1.07,2.59,0.4,1.82,0.74
199806,3.18,-3.65,-1.97,-0.0474,-0.27,-2.97,0.41,7.28,-1.44
199807,-2.46,-5.27,-1.78,-0.0223,1.74,0.45,0.4,3.69,-2.02
199808,-16.08,-5.18,3.53,0.0438,3.39,5.89,0.43,1.84,-2.66
199809,6.15,-0.77,-3.42,-0.0129,-1.89,-2.97,0.46,-0.81,2.75
199810,7.13,-3.43,-2.23,-0.0092,0.93,0.32,0.32,-5.37,9.85
199811,6.1,0.74,-3.25,-0.0344,-0.85,-1.2,0.31,1.2,1.32
199812,6.16,-1.57,-4.19,-0.0708,-0.75,-3.4,0.38,8.92,-1.63
199901,3.5,-0.74,-4.6,-0.0365,-2.79,-6.77,0.35,3.03,-2.32
199902,-4.08,-5.23,1.92,0.0066,-1.21,4.07,0.35,-0.1,2.46
199903,3.45,-4.23,-2.74,0.0009,-4.07,-1.41,0.43,-1.27,0.21
199904,4.33,4.53,2.46,0.0835,-2.53,0.9,0.37,-9.04,2.37
199905,-2.46,3.71,2.35,0.0349,0.93,3.33,0.34,-5.19,1.21
199906,4.77,2.29,-3.19,-0.0477,1.14,-3.23,0.4,5.06,1.7
199907,-3.49,2.57,-0.44,-0.0057,0.36,3.22,0.38,1.66,1.54
199908,-1.38,-1.73,-1.87,-0.016,-0.24,0.64,0.39,3.12,-3.39
199909,-2.79,2.59,-3.5,-0.053,-0.75,-1.23,0.39,6.47,-0.61
199910,6.12,-6.91,-3.37,-0.0464,-1.75,-1.19,0.39,5.5,-1.49
199911,3.37,5.8,-6.11,-0.0924,-4.27,-1.75,0.36,5.64,0.43
199912,7.72,5.39,-8.32,-0.0928,-7.6,-5.63,0.44,13.22,-14.01
200001,-4.74,4.44,-1.91,-0.009,-6.31,4.75,0.41,1.92,2.61
200002,2.45,18.34,-9.7,-0.18,-18.73,-0.36,0.43,18.2,-13.47
200003,5.2,-15.35,8.17,0.0558,11.82,-1.65,0.47,-6.83,9.89
200004,-6.4,-5.01,7.26,0.1075,7.66,5.65,0.46,-8.39,-2.18
200005,-4.42,-3.84,4.81,0.0565,4.17,1.3,0.5,-8.98,-8.89
200006,4.64,9.93,-8.43,-0.1405,-8.32,-2.93,0.4,16.6,12.39
200007,-2.51,-1.03,8.3,0.0663,5.82,2.95,0.48,-0.05,6.51
200008,7.03,-1.04,-1.38,-0.0317,-3.22,1.09,0.5,5.73,0.54
200009,-5.45,0.19,7.17,0.0441,2.56,5.53,0.51,1.97,2.64
200010,-2.76,-2.64,5.7,0.0308,9.6,3.82,0.56,-4.48,-4.8
200011,-10.72,-0.6,12.32,0.0652,13.09,8.39,0.51,-2.32,-14.63
200012,1.19,3.26,7.61,0.0212,1.72,4.78,0.5,6.74,-6.88
200101,3.13,5.5,-5.09,0.1296,-4.7,-5,0.54,-25.3,16.21
200102,-10.05,2.82,12.48,0.1081,9.11,9.05,0.38,12.57,12.19
200103,-7.26,2.33,6.42,0.04,3.36,3.91,0.42,8.55,-7.54
200104,7.94,-0.86,-4.68,-0.0543,-3.07,-3.19,0.39,-7.9,9.87
200105,0.72,3.59,3.38,0.0296,0.26,1.88,0.32,2.21,3.8
200106,-1.94,6.57,-1.13,-0.013,1.6,-1.5,0.28,0.38,0.6
200107,-2.13,-2.83,5.21,0.0166,7.42,3.06,0.3,5.58,1.38
200108,-6.46,2.71,2.3,0.0081,4.05,6.56,0.31,5.53,-3.9
200109,-9.25,-5.73,1.45,-0.035,5,3.2,0.28,11.48,-4.96
200110,2.46,5.28,-7.66,-0.0059,-2.99,-4.54,0.22,-8.47,14.84
200111,7.54,-0.31,2.22,0.0376,-3.72,-1.62,0.17,-8.69,-3.13
200112,1.6,5.16,0.85,0.0186,0.35,-0.27,0.15,0.07,1.68
200201,-1.44,1.26,3.44,0.0001,4.69,2.83,0.14,3.75,2.13
200202,-2.29,-0.36,2.16,0.0049,8.06,5.11,0.13,6.82,0.05
200203,4.24,4.25,1.06,0.0251,-1.78,0.57,0.13,-1.64,2.75
200204,-5.2,6.72,3.88,0.0194,4.56,5.38,0.15,7.63,2.11
200205,-1.38,-3.02,1.53,0.0016,2.37,2.43,0.14,3.16,-2.68
200206,-7.21,3.89,-0.03,-0.0215,3.93,2.49,0.13,6.03,-3.58
200207,-8.18,-6.43,-3.85,-0.0414,3.79,-0.99,0.15,3.77,1.28
200208,0.5,-1.3,3.29,0.0057,1.36,-1.46,0.14,1.9,1.52
200209,-10.35,3.07,1.47,-0.0471,3.29,-2.19,0.14,9.13,-1.77
200210,7.84,-4.3,-3.94,0.0179,-3.4,0.77,0.14,-5.58,7.39
200211,5.96,2.93,-1.21,0.1137,-9.21,5.17,0.12,-16.33,0.18
200212,-5.76,0.62,2.14,-0.0054,6.29,-1.68,0.11,9.64,10.74
200301,-2.57,0.72,-0.81,0.005,-1,0.71,0.1,1.55,0.28
200302,-1.88,-0.93,-1.38,-0.0306,0.83,-0.61,0.09,1.17,-0.69
200303,1.09,0.67,-1.91,-0.0193,1.85,-0.75,0.1,1.48,0.03
200304,8.22,1.04,1.17,0.0635,-4.7,1.09,0.1,-9.33,3
200305,6.05,4.87,0.5,0.0706,-7.06,2.99,0.09,-10.7,-1.52
200306,1.42,1.68,0.15,0.0158,0.48,-0.35,0.1,-1,-0.11
200307,2.35,4.54,-1.24,-0.0195,-4.15,1.77,0.07,-0.24,2.49
200308,2.34,2.48,1.54,0.0157,-2.24,2.13,0.07,-0.62,-1.5
200309,-1.24,0.55,0.15,0.0106,1,0.35,0.08,-0.19,4.62
200310,6.08,2.71,1.97,0.0066,-1.35,1.54,0.07,3.99,2.17
200311,1.35,2.33,1.78,0.0103,0.19,1.8,0.07,1.46,-1.57
200312,4.29,-2.49,1.61,0.0539,0.57,0.94,0.08,-5.57,1.84
200401,2.15,2.45,2.48,0.0023,-3.67,3.38,0.07,2.58,2.32
200402,1.4,-0.93,0.91,0.009,2.18,-1.21,0.06,-1.14,1.55
200403,-1.32,2.1,0.28,0.0064,1.56,-0.98,0.09,0.17,-2.16
200404,-1.83,-2.01,-3.09,0.0108,3.46,-2.84,0.08,-5.38,-0.2
200405,1.17,-0.38,-0.24,-0.0115,-1.18,0.02,0.06,1.5,2.28
200406,1.86,2.56,1.19,0.023,1.2,-0.39,0.08,2.05,0.32
200407,-4.06,-2.95,3.23,0.035,5.33,-1.66,0.1,-2.29,-1.41
200408,0.08,-1.16,1,0.0084,1.18,-1.44,0.11,-1.59,-2.39
200409,1.6,3.27,-0.01,-0.0078,-1.48,-1.89,0.11,5.49,3.1
200410,1.43,0.19,-0.22,0.0007,-0.52,0.49,0.11,-1.38,0.25
200411,4.54,4.11,1.42,0.0201,-0.59,-0.21,0.15,3.16,1.53
200412,3.43,-0.05,-0.22,0.0106,-1.16,0.46,0.16,-2.87,0.94
200501,-2.76,-1.18,2.06,0.0019,2.73,-1.46,0.16,3.05,1.46
200502,1.89,-0.3,1.53,0.0069,1.45,-0.05,0.16,3.37,-2.45
200503,-1.97,-1.42,2.04,0.0209,0.47,1.29,0.21,0.41,0.09
200504,-2.61,-3.98,0.06,-0.0095,0.97,-0.94,0.21,-0.69,-1.84
200505,3.65,2.79,-0.64,-0.0063,-1,0.3,0.24,0.45,3.17
200506,0.57,3.28,2.82,0.0142,0.97,-0.51,0.23,2.05,0.03
200507,3.92,2.8,-0.78,-0.0033,-1.22,-0.81,0.24,0.06,-0.17
200508,-1.22,-0.89,1.32,0.0019,-2.05,0.36,0.3,2.08,-1.37
200509,0.49,-0.35,0.72,-0.0053,0.27,-0.6,0.29,3.43,-3.69
200510,-2.02,-1.45,0.43,-0.0025,-0.94,-1.3,0.27,-1.39,1.61
200511,3.61,0.85,-1.18,-0.005,-0.74,-1.14,0.31,0.35,0.1
200512,-0.25,-0.21,0.2,0.0046,0.21,0.23,0.32,0.77,2.04
200601,3.04,5.75,1.08,-0.0099,-0.64,-0.46,0.35,2.53,-1
200602,-0.3,-0.42,-0.35,0.0101,-0.51,1.91,0.34,-1.84,3.39
200603,1.46,3.4,0.59,-0.0082,0.09,-0.41,0.37,1.26,-0.08
200604,0.73,-0.84,2.34,0.013,1.8,0.01,0.36,0.64,-0.33
200605,-3.57,-2.85,2.42,0.0256,1.15,1.46,0.43,-3.7,-0.04
200606,-0.35,-0.24,0.85,0.0025,1.33,-0.07,0.4,1.54,-0.57
200607,-0.78,-3.64,2.62,0.0233,1.63,0.9,0.4,-2.12,0.22
200608,2.03,0.44,-2.06,-0.005,-1.86,2.09,0.42,-3.38,1.77
200609,1.84,-1.46,0.08,0.0054,0.82,0.6,0.41,-0.96,0.76
200610,3.23,1.98,-0.3,0.0028,-0.12,0.28,0.41,-0.2,-0.26
200611,1.71,0.71,0.14,0.0005,0.15,-0.81,0.42,-1.03,-0.91
200612,0.87,-0.82,2.73,0.0249,-0.72,2.06,0.4,0.79,2.41
200701,1.4,0.08,-0.69,-0.0033,0.25,0.38,0.44,0.24,1.09
200702,-1.96,1.28,-0.13,0.005,-0.51,-0.71,0.38,-1.35,0.18
200703,0.68,0.19,-0.96,-0.0059,0.64,-0.65,0.43,2.56,-2.05
200704,3.49,-2.03,-1.46,-0.0069,1.15,1.04,0.44,-0.24,-0.31
200705,3.24,0.4,-0.65,0.0005,1.58,-1.36,0.41,-0.34,-0.99
200706,-1.96,0.75,-1.07,-0.0118,0.53,0.08,0.4,0.51,-0.65
200707,-3.73,-2.98,-3.72,-0.0446,0.2,-1.13,0.4,2.94,-3.59
200708,0.92,-0.37,-1.86,-0.0175,-1.21,-0.53,0.42,0.1,-2.61
200709,3.22,-2.43,-2.23,-0.0282,-0.52,-3.02,0.32,4.63,0.36
200710,1.8,-0.03,-3.05,-0.0517,-0.3,-0.09,0.32,5.02,-3.96
200711,-4.83,-3.01,-0.95,-0.0176,1.89,-0.29,0.34,0.99,-1.69
200712,-0.87,0.15,-0.54,-0.0224,0.87,-1.04,0.27,6.63,-2.05
200801,-6.36,-0.66,3.98,0.0796,2.14,2.14,0.21,-7.75,6.93
200802,-3.09,-0.66,-0.84,-0.043,0.88,-0.93,0.13,6.1,5.05
200803,-0.93,0.56,0.3,-0.0097,0.79,0.5,0.17,4.27,-0.37
200804,4.6,-1.14,-1.04,-0.0085,1.63,-2.47,0.18,-0.31,3.13
200805,1.86,3.06,-1.49,-0.0525,0.93,-0.06,0.18,3.31,-2.28
200806,-8.44,1.15,-2.67,-0.0908,4.96,-0.55,0.17,12.75,-7.09
200807,-0.77,3.72,5.42,0.0454,-1.37,1.08,0.15,-5.13,7.94
200808,1.53,3.46,1.59,0.0372,1.86,0.84,0.13,-4.02,-0.51
200809,-9.24,0.25,5.92,0.018,2.41,1.78,0.15,0.28,-3.75
200810,-17.23,-3.34,-2.3,-0.0601,3.04,2.05,0.08,7.85,-9.37
200811,-7.86,-3.89,-6.31,-0.0764,4.53,2.74,0.03,7.17,-9.99
200812,1.74,3.29,0.15,0.0537,0.06,-1.49,0,-5.09,5.46
200901,-8.12,-2.13,-11.29,-0.0537,0.18,-1.16,0,-2.18,0.18
200902,-10.1,-1.33,-6.95,-0.0914,1.19,-1.02,0.01,4.41,-7.01
200903,8.95,0.68,3.48,0.0765,-2.52,-2.24,0.02,-11.87,3.04
200904,10.18,7.13,5.36,0.2686,1.31,0.13,0.01,-34.3,-6.52
200905,5.21,-2.32,0.27,0.061,-0.78,-2.16,0,-12.49,-2.71
200906,0.43,2.29,-2.73,-0.0209,-1.41,-0.33,0.01,5.48,4.8
200907,7.72,2.39,4.84,0.0601,-0.46,3.14,0.01,-5.55,4.43
200908,3.33,-0.09,7.63,0.0793,-3.02,3.34,0.01,-9.07,-2.08
200909,4.08,2.73,1.04,0.0183,1.31,0.35,0.01,-4.79,1.12
200910,-2.59,-4.93,-4.2,-0.0166,4.17,-1.49,0,2.61,2.14
200911,5.56,-2.68,-0.34,-0.0066,1,0.12,0,0.3,0.45
200912,2.75,6.23,-0.17,0.0007,1.02,-0.09,0.01,3.01,1.47
201001,-3.36,0.34,0.43,0.0328,-1.27,0.46,0,-5.4,3.64
201002,3.4,1.51,3.23,0.0082,-0.27,1.43,0,3.74,1.63
201003,6.31,1.85,2.21,0.0206,-0.65,1.69,0.01,3.76,0.8
201004,2,4.98,2.89,0.0273,0.69,1.72,0.01,3.16,-1.86
201005,-7.89,0.04,-2.44,-0.0171,1.3,-0.22,0.01,-0.25,0.52
201006,-5.57,-2.47,-4.7,-0.0258,-0.16,-1.55,0.01,-2.76,-4.87
201007,6.93,0.14,-0.33,0.0194,0.27,1.98,0.01,1.88,4.11
201008,-4.77,-3.13,-1.93,-0.015,0.58,-1.61,0.01,-0.06,1
201009,9.54,3.77,-3.18,-0.0139,-0.18,0.36,0.01,1.41,3.29
201010,3.88,0.86,-2.51,-0.0186,1.31,-0.33,0.01,1.58,-1.34
201011,0.6,3.64,-0.92,-0.0114,0.38,1.63,0.01,2.66,-0.95
201012,6.82,0.99,3.76,0.0379,-3.52,3.21,0.01,-3.03,2.27
201101,1.99,-2.38,0.75,0.0108,-0.65,0.77,0.01,-0.29,-0.09
201102,3.49,1.65,1.27,0.0019,-1.93,0.87,0.01,1.99,-0.69
201103,0.46,2.63,-1.85,-0.0159,1.8,-0.05,0.01,3.4,-0.86
201104,2.9,-0.5,-2.49,-0.0167,1.11,-0.86,0,0.04,-1.08
201105,-1.27,-0.71,-2,-0.0103,1.91,-1.5,0,-0.62,-1.22
201106,-1.75,0.13,-0.39,-0.0101,2.43,-1.51,0,1.78,-0.93
201107,-2.35,-1.2,-0.9,-0.0178,2.68,-1.82,0,0.18,-1.07
201108,-5.99,-3.2,-2.36,-0.0215,3.3,-0.38,0.01,-0.28,-1.35
201109,-7.59,-3.65,-1.72,-0.02,2.04,0.26,0,-2.42,-9.57
201110,11.35,3.46,0.1,0.0221,-2.16,-0.86,0,-1.43,12.21
201111,-0.28,-0.27,-0.45,-0.0124,1.86,1.49,0,3.84,1.25
201112,0.74,-0.33,1.63,0.0148,0.98,2.51,0,1.81,-1.54
201201,5.05,2.05,-0.97,0.0095,-2.01,-1.43,0,-7.91,6.52
201202,4.42,-1.7,0.43,0.0067,-0.48,-0.01,0,-0.29,-0.34
201203,3.11,-0.47,1.14,-0.0033,-0.54,0.74,0,1.3,-0.8
201204,-0.85,-0.55,-0.78,-0.0158,1.3,0.65,0,3.75,-0.46
201205,-6.19,-0.12,-1.06,-0.0134,2.08,2.32,0.01,6.49,-3.34
201206,3.89,0.84,0.62,0.0043,-1.09,0.46,0,-1.06,-0.79
201207,0.79,-2.8,-0.02,-0.0065,1.1,0.09,0,3.04,1.47
201208,2.55,0.45,1.3,0.0122,-1.33,-0.86,0.01,-2.37,3.03
201209,2.73,0.61,1.6,0.0125,-1.49,1.54,0.01,-1.14,-0.19
201210,-1.76,-0.9,3.59,0.0323,-1.34,2.51,0.01,0.14,0.25
201211,0.78,0.47,-0.84,-0.0094,0.6,0.84,0.01,0.49,0.91
201212,1.18,1.91,3.51,0.0285,-1.85,0.88,0.01,-2.86,0.18
201301,5.57,0.47,0.96,0.0115,-1.93,1.42,0,-1.79,-1.42
201302,1.29,-0.25,0.11,-0.001,-0.67,0.54,0,1.29,-1.19
201303,4.03,0.86,-0.19,-0.0026,0.14,1.37,0,1.92,-1.86
201304,1.55,-2.25,0.45,-0.0016,0.27,0.37,0,0.22,-1.19
201305,2.8,2.09,2.63,0.0129,-1.97,-0.91,0,-2.02,1.64
201306,-1.2,1.56,0.03,0.0006,-0.38,0.01,0,0.52,0.5
201307,5.65,1.8,0.57,0.0067,-1.35,0.52,0,1.76,1.94
201308,-2.71,-0.06,-2.69,-0.009,0.66,-2.16,0,0.02,-0.81
201309,3.77,2.66,-1.22,-0.014,-0.58,-1.4,0,3.06,-0.46
201310,4.18,-1.51,1.25,0.0072,2.78,0.92,0,0.08,-0.14
201311,3.13,1.4,0.32,-0.0052,0.14,0.05,0,0.44,0.67
201312,2.81,-0.44,-0.02,-0.0051,-0.46,0.08,0,0.02,1.35
201401,-3.32,0.58,-2.07,-0.009,-3.88,-1.43,0,1.71,0.33
201402,4.65,0.16,-0.31,-0.0095,-0.23,-0.47,0,2.07,-0.19
201403,0.43,-1.13,4.93,0.0344,2.13,1.98,0,-3.29,2.66
201404,-0.19,-4.14,1.17,0.0243,3.48,1.04,0,-3.89,-2.1
201405,2.06,-1.89,-0.13,-0.0044,0.05,-1.01,0,0.87,0.47
201406,2.61,3.1,-0.7,-0.0026,-1.89,-1.98,0,0.69,-0.52
201407,-2.04,-4.29,0.03,0.002,0.88,0.51,0,-0.12,2.66
201408,4.24,0.31,-0.45,-0.0099,-0.63,-0.69,0,0.82,1.61
201409,-1.97,-3.73,-1.34,-0.025,1.31,-0.49,0,0.5,-0.19
201410,2.52,3.72,-1.81,-0.0242,-0.55,-0.09,0,-0.06,-2.6
201411,2.55,-2.28,-3.09,-0.0303,1.5,0.26,0,0.69,-3.29
201412,-0.06,2.86,2.27,-0.0002,-1.22,0.96,0,1.12,-1.01
201501,-3.11,-0.91,-3.58,-0.0391,1.6,-1.66,0,3.84,-0.42
201502,6.13,0.31,-1.86,-0.002,-1.1,-1.79,0,-2.82,3.54
201503,-1.12,3.07,-0.37,-0.0226,0.09,-0.51,0,2.74,-0.12
201504,0.59,-3.06,1.82,0.044,0.02,-0.65,0,-7.27,4.12
201505,1.36,0.82,-1.14,-0.0343,-1.78,-0.72,0,5.82,2.4
201506,-1.53,2.89,-0.79,-0.0243,0.45,-1.57,0,3.01,-3.58
201507,1.54,-4.58,-4.13,-0.0573,0.31,-2.46,0,9.98,-4.93
201508,-6.04,0.24,2.77,0.0197,0.69,1.24,0,-2.09,1.51
201509,-3.07,-2.8,0.56,-0.0254,1.8,-0.6,0,5.22,-3.17
201510,7.75,-2.05,-0.46,0.0051,0.86,0.55,0,-3.28,0.9
201511,0.56,3.29,-0.42,-0.0265,-2.71,-1.03,0,2.28,0.08
201512,-2.17,-2.97,-2.61,-0.0351,0.45,0.03,0.01,3.36,1.15
201601,-5.77,-3.48,2.09,-0.0063,2.8,3.07,0.01,1.44,-2.85
201602,-0.07,0.85,-0.57,0.0221,3.28,1.99,0.02,-4.38,-0.93
201603,6.96,1.08,1.19,0.0713,0.76,-0.04,0.02,-5.01,1.54
201604,0.91,1.22,3.28,0.0854,-2.92,1.86,0.01,-6.02,0.42
201605,1.78,-0.62,-1.66,-0.037,-1.07,-2.49,0.01,1.42,0.11
201606,-0.05,0.44,-1.48,-0.0064,1.39,1.91,0.02,4.13,1.44
201607,3.95,2.49,-1.27,-0.0186,1.25,-1.19,0.02,-3.34,4.53
201608,0.49,1.7,3.13,0.0138,-1.88,-0.34,0.02,-3.49,-0.35
201609,0.25,1.86,-1.23,-0.0034,-2.23,0.03,0.02,0.19,0.03
201610,-2.02,-4.04,4.12,0.0265,0.96,0.28,0.02,0.6,2.55
201611,4.86,7.04,8.19,0.0522,-0.21,3.69,0.01,-4.62,0.31
201612,1.81,0.39,3.56,0.0279,1.23,-0.22,0.03,-0.26,-1.17
201701,1.94,-1.43,-2.76,-0.0055,-0.5,-0.99,0.04,-0.93,3.34
201702,3.57,-2.21,-1.68,-0.0174,0.45,-1.83,0.04,-1.65,-1.06
201703,0.17,0.74,-3.32,-0.026,0.62,-0.94,0.03,-1.02,-0.85
201704,1.09,0.47,-2.1,-0.0259,1.91,-1.6,0.05,0.48,-2.1
201705,1.06,-3.03,-3.78,-0.0478,0.95,-1.81,0.06,1.48,-3.37
201706,0.78,2.57,1.48,0.0171,-2.25,0.01,0.06,-0.09,4.08
201707,1.87,-1.66,-0.24,-0.0022,-0.69,-0.11,0.07,1.68,2
201708,0.16,-1.83,-2.09,-0.0271,0.15,-2.37,0.09,3.26,-0.35
201709,2.51,4.77,3.12,0.0223,-1.46,1.67,0.09,-1.32,2.81
201710,2.25,-1.93,0.21,-0.0248,0.92,-3.24,0.09,4.27,-0.74
201711,3.12,-0.36,-0.08,-0.0012,3.19,-0.08,0.08,-0.87,0.42
201712,1.06,-1.07,0.05,0.0168,0.75,1.67,0.09,-1.54,-0.76
201801,5.57,-3.2,-1.33,-0.0266,-0.73,-1.01,0.12,4.05,0.66
201802,-3.65,0.31,-1.07,-0.0317,0.54,-2.39,0.11,3.58,-2.37
201803,-2.35,3.58,-0.23,0.0085,-0.45,0,0.11,-1.13,0.32
201804,0.28,0.93,0.54,0.0215,-2.43,1.27,0.14,0.36,-0.78
201805,2.65,4.74,-3.18,-0.0327,-2.05,-1.47,0.14,3.89,-0.1
201806,0.48,0.81,-2.33,0.0021,0.78,0.24,0.14,-2.35,0.63
201807,3.19,-1.93,0.47,0.0026,1.56,0.35,0.16,-1.41,1.78
201808,3.44,0.63,-3.98,-0.0481,-0.3,-2.66,0.16,5.29,1.53
201809,0.06,-2.49,-1.69,-0.0013,0.64,1.3,0.15,0.04,0.08
201810,-7.68,-4.46,3.44,0.0337,0.94,3.6,0.19,-1.99,1.27
201811,1.69,-0.77,0.28,-0.0139,-0.56,0.36,0.18,-1.37,1.23
201812,-9.57,-2.87,-1.85,-0.0253,-0.03,0.22,0.2,2.11,-1.61
201901,8.4,3.02,-0.46,0.0305,-0.78,-1.51,0.21,-8.68,8.1
201902,3.4,1.74,-2.67,-0.0284,0.12,-1.6,0.18,0.86,-0.07
201903,1.1,-3.5,-4.1,-0.0257,0.9,-0.96,0.19,2.21,0.09
201904,3.97,-1.17,2.14,0.0066,1.62,-2.2,0.21,-2.97,0.88
201905,-6.94,-1.58,-2.35,-0.0387,-0.47,1.76,0.21,7.56,0.81
201906,6.93,0.36,-0.72,-0.0026,0.91,-0.43,0.18,-2.3,3.84
201907,1.19,-1.78,0.47,-0.0102,-0.07,0.37,0.19,2.89,-0.21
201908,-2.58,-3.23,-4.77,-0.0528,0.55,-0.69,0.16,6.92,-2.39
201909,1.43,0.27,6.74,0.0593,1.84,3.36,0.18,-6.81,5.05
201910,2.06,0.27,-1.92,-0.0247,0.44,-0.96,0.16,0.15,-0.41
201911,3.87,0.45,-2,-0.0182,-1.6,-1.25,0.12,-2.66,-0.19
201912,2.77,0.97,1.77,0.034,0,1.23,0.14,-1.77,0.64
202001,-0.11,-4.38,-6.23,-0.0841,-1.17,-2.32,0.13,5.98,2.56
202002,-8.13,0.04,-3.79,-0.0305,-1.47,-2.51,0.12,-0.4,-2.39
202003,-13.39,-8.3,-13.95,-0.1453,-1.52,1.26,0.13,7.97,-11.6
202004,13.65,2.58,-1.26,0.1049,2.71,-1.01,0,-5.23,15.68
202005,5.58,1.97,-4.89,-0.036,0.96,-3.25,0.01,0.43,-3.28
202006,2.46,1.97,-2.17,-0.0032,0.09,0.53,0.01,-0.73,-1.9
202007,5.77,-3.2,-1.37,-0.0491,0.4,0.96,0.01,7.61,-3.3
202008,7.63,-0.89,-2.96,-0.0031,4.26,-1.2,0.01,0.55,-2.36
202009,-3.63,0.01,-2.68,-0.0313,-1.39,-1.89,0.01,3.12,0.41
202010,-2.1,4.64,4.22,0.0311,-0.75,-0.76,0.01,-3.05,0.58
202011,12.47,7.12,2.13,0.1263,-2.2,1.37,0.01,-12.43,3.01
202012,4.63,4.79,-1.5,-0.0055,-1.99,-0.11,0.01,-2.32,-2.98
202101,-0.03,6.92,2.97,0.0048,-3.81,4.9,0.01,4.5,0.76
202102,2.78,4.53,7.17,0.1008,0.31,-1.94,0,-7.89,4.5
202103,3.08,-0.86,7.39,0.0655,6.47,3.41,0,-6.14,-0.9
202104,4.93,-3.15,-0.95,0.0011,2.49,-2.69,0,1.16,1.32
202105,0.29,1.23,7.09,0.0657,2.53,3.01,0,0.88,1.34
202106,2.75,-0.34,-7.83,-0.0503,-2.18,-0.95,0,2.2,3.11
202107,1.27,-4.63,-1.78,-0.0109,5.5,-0.52,0,-2.25,-0.71
202108,2.91,-0.68,-0.15,-0.0106,-0.3,-1.79,0,2.51,-1.54
202109,-4.37,1.13,5.09,0.0546,-1.9,2.11,0,1.49,0.76
202110,6.65,-2.7,-0.49,-0.0156,1.69,-1.45,0,3.19,-1.61
202111,-1.55,-1.77,-0.45,-0.0201,7.22,1.72,0,0.9,-2.75
202112,3.1,-0.77,3.26,0.0373,4.92,4.4,0.01,-2.6,-0.21
202201,-6.25,-4.04,12.75,0.1236,0.87,7.74,0,-2.52,-4.7
202202,-2.29,2.94,3.08,0.0263,-2.08,3.12,0,1.76,-3.31
202203,3.05,-2.16,-1.8,-0.0004,-1.56,3.14,0.01,3.01,0.08
202204,-9.46,-0.41,6.17,0.0429,3.63,5.89,0.01,4.87,-1.97
202205,-0.34,-0.05,8.39,0.0669,1.44,3.97,0.03,2.46,-2.09
202206,-8.43,1.31,-5.98,-0.0198,1.86,-4.7,0.06,0.77,1.65
202207,9.57,1.86,-4.1,-0.0343,0.68,-6.92,0.08,-3.94,6.32
202208,-3.77,1.49,0.3,-0.0004,-4.78,1.29,0.19,1.99,1.7
202209,-9.35,-0.97,0.06,-0.0274,-1.51,-0.84,0.19,3.47,-1.61
202210,7.83,1.86,8.05,0.0502,3.07,6.52,0.23,3.87,0.33
202211,4.6,-2.67,1.38,0.0241,6.01,3.11,0.29,-2.01,0.55
202212,-6.41,-0.16,1.32,-0.0044,0.09,4.19,0.33,4.52,-3.42
202301,6.65,4.43,-4.05,0.0476,-2.62,-4.53,0.35,-15.98,9.37